time,member,sales,delta
2026-08-03T23:01:20+08:00,VideoCall·Random Ver.,23,
2026-08-03T23:01:20+08:00,OffLine,18,
2026-08-03T23:01:20+08:00,[1:1 Photo Event] (KIM J,0,
2026-08-03T23:01:20+08:00,[1:1 Photo Event] (HASEU,0,
2026-08-03T23:01:20+08:00,[1:1 Photo Event] (JINBE,1,
2026-08-03T23:01:20+08:00,[1:1 Photo Event] (UGEON,0,
2026-08-03T23:01:20+08:00,[1:1 Photo Event] (LEEJE,2,
2026-08-03T23:01:20+08:00,[1:1 Photo Event] (JAEHA,0,
2026-08-03T23:01:20+08:00,[1:1 Photo Event] (WONJU,0,
2026-08-03T23:01:31+08:00,VideoCall·Random Ver.,23,0
2026-08-03T23:01:31+08:00,OffLine,18,0
2026-08-03T23:01:31+08:00,[1:1 Photo Event] (KIM J,0,0
2026-08-03T23:01:31+08:00,[1:1 Photo Event] (HASEU,0,0
2026-08-03T23:01:31+08:00,[1:1 Photo Event] (JINBE,1,0
2026-08-03T23:01:31+08:00,[1:1 Photo Event] (UGEON,0,0
2026-08-03T23:01:31+08:00,[1:1 Photo Event] (LEEJE,2,0
2026-08-03T23:01:31+08:00,[1:1 Photo Event] (JAEHA,0,0
2026-08-03T23:01:31+08:00,[1:1 Photo Event] (WONJU,0,0
2026-08-03T23:01:42+08:00,VideoCall·Random Ver.,23,0
2026-08-03T23:01:42+08:00,OffLine,18,0
2026-08-03T23:01:42+08:00,[1:1 Photo Event] (KIM J,0,0
2026-08-03T23:01:42+08:00,[1:1 Photo Event] (HASEU,0,0
2026-08-03T23:01:42+08:00,[1:1 Photo Event] (JINBE,1,0
2026-08-03T23:01:42+08:00,[1:1 Photo Event] (UGEON,0,0
2026-08-03T23:01:42+08:00,[1:1 Photo Event] (LEEJE,2,0
2026-08-03T23:01:42+08:00,[1:1 Photo Event] (JAEHA,0,0
2026-08-03T23:01:42+08:00,[1:1 Photo Event] (WONJU,0,0
2026-08-03T23:01:53+08:00,VideoCall·Random Ver.,23,0
2026-08-03T23:01:53+08:00,OffLine,18,0
2026-08-03T23:01:53+08:00,[1:1 Photo Event] (KIM J,0,0
2026-08-03T23:01:53+08:00,[1:1 Photo Event] (HASEU,0,0
2026-08-03T23:01:53+08:00,[1:1 Photo Event] (JINBE,1,0
2026-08-03T23:01:53+08:00,[1:1 Photo Event] (UGEON,0,0
2026-08-03T23:01:53+08:00,[1:1 Photo Event] (LEEJE,2,0
2026-08-03T23:01:53+08:00,[1:1 Photo Event] (JAEHA,0,0
2026-08-03T23:01:53+08:00,[1:1 Photo Event] (WONJU,0,0
2026-08-03T23:02:04+08:00,VideoCall·Random Ver.,23,0
2026-08-03T23:02:04+08:00,OffLine,18,0
2026-08-03T23:02:04+08:00,[1:1 Photo Event] (KIM J,0,0
2026-08-03T23:02:04+08:00,[1:1 Photo Event] (HASEU,0,0
2026-08-03T23:02:04+08:00,[1:1 Photo Event] (JINBE,1,0
2026-08-03T23:02:04+08:00,[1:1 Photo Event] (UGEON,0,0
2026-08-03T23:02:04+08:00,[1:1 Photo Event] (LEEJE,2,0
2026-08-03T23:02:04+08:00,[1:1 Photo Event] (JAEHA,0,0
2026-08-03T23:02:04+08:00,[1:1 Photo Event] (WONJU,0,0
2026-08-03T23:02:14+08:00,VideoCall·Random Ver.,23,0
2026-08-03T23:02:14+08:00,OffLine,18,0
2026-08-03T23:02:14+08:00,[1:1 Photo Event] (KIM J,0,0
2026-08-03T23:02:14+08:00,[1:1 Photo Event] (HASEU,0,0
2026-08-03T23:02:14+08:00,[1:1 Photo Event] (JINBE,1,0
2026-08-03T23:02:14+08:00,[1:1 Photo Event] (UGEON,0,0
2026-08-03T23:02:14+08:00,[1:1 Photo Event] (LEEJE,2,0
2026-08-03T23:02:14+08:00,[1:1 Photo Event] (JAEHA,0,0
2026-08-03T23:02:14+08:00,[1:1 Photo Event] (WONJU,0,0
